[
    {
        "id": "ALFKI",
        "companyName": "Alfreds Futterkiste",
        "contactName": "Maria Anders",
        "contactTitle": "Sales Representative",
        "address": "Obere Str. 57",
        "city": "Berlin",
        "postalCode": "12209",
        "country": "Germany",
        "phone": "030-0074321",
        "fax": "030-0076545"
    },
    {
        "id": "ANATR",
        "companyName": "Ana Trujillo Emparedados y helados",
        "contactName": "Ana Trujillo",
        "contactTitle": "Owner",
        "address": "Avda. de la Constitución 2222",
        "city": "México D.F.",
        "postalCode": "05021",
        "country": "Mexico",
        "phone": "(5) 555-4729",
        "fax": "(5) 555-3745"
    },
    {
        "id": "ANTON",
        "companyName": "Antonio Moreno Taquería",
        "contactName": "Antonio Moreno",
        "contactTitle": "Owner",
        "address": "Mataderos  2312",
        "city": "México D.F.",
        "postalCode": "05023",
        "country": "Mexico",
        "phone": "(5) 555-3932"
    },
    {
        "id": "AROUT",
        "companyName": "Around the Horn",
        "contactName": "Thomas Hardy",
        "contactTitle": "Sales Representative",
        "address": "120 Hanover Sq.",
        "city": "London",
        "postalCode": "WA1 1DP",
        "country": "UK",
        "phone": "(171) 555-7788",
        "fax": "(171) 555-6750"
    },
    {
        "id": "BERGS",
        "companyName": "Berglunds snabbköp",
        "contactName": "Christina Berglund",
        "contactTitle": "Order Administrator",
        "address": "Berguvsvägen  8",
        "city": "Luleå",
        "postalCode": "S-958 22",
        "country": "Sweden",
        "phone": "0921-12 34 65",
        "fax": "0921-12 34 67"
    },
    {
        "id": "BLAUS",
        "companyName": "Blauer See Delikatessen",
        "contactName": "Hanna Moos",
        "contactTitle": "Sales Representative",
        "address": "Forsterstr. 57",
        "city": "Mannheim",
        "postalCode": "68306",
        "country": "Germany",
        "phone": "0621-08460",
        "fax": "0621-08924"
    },
    {
        "id": "BLONP",
        "companyName": "Blondesddsl père et fils",
        "contactName": "Frédérique Citeaux",
        "contactTitle": "Marketing Manager",
        "address": "24, place Kléber",
        "city": "Strasbourg",
        "postalCode": "67000",
        "country": "France",
        "phone": "88.60.15.31",
        "fax": "88.60.15.32"
    },
    {
        "id": "BOLID",
        "companyName": "Bólido Comidas preparadas",
        "contactName": "Martín Sommer",
        "contactTitle": "Owner",
        "address": "C/ Araquil, 67",
        "city": "Madrid",
        "postalCode": "28023",
        "country": "Spain",
        "phone": "(91) 555 22 82",
        "fax": "(91) 555 91 99"
    },
    {
        "id": "BONAP",
        "companyName": "Bon app",
        "contactName": "Laurence Lebihan",
        "contactTitle": "Owner",
        "address": "12, rue des Bouchers",
        "city": "Marseille",
        "postalCode": "13008",
        "country": "France",
        "phone": "91.24.45.40",
        "fax": "91.24.45.41"
    },
    {
        "id": "BOTTM",
        "companyName": "Bottom-Dollar Markets",
        "contactName": "Elizabeth Lincoln",
        "contactTitle": "Accounting Manager",
        "address": "23 Tsawassen Blvd.",
        "city": "Tsawassen",
        "region": "BC",
        "postalCode": "T2F 8M4",
        "country": "Canada",
        "phone": "(604) 555-4729",
        "fax": "(604) 555-3745"
    },
    {
        "id": "BSBEV",
        "companyName": "B's Beverages",
        "contactName": "Victoria Ashworth",
        "contactTitle": "Sales Representative",
        "address": "Fauntleroy Circus",
        "city": "London",
        "postalCode": "EC2 5NT",
        "country": "UK",
        "phone": "(171) 555-1212"
    },
    {
        "id": "CACTU",
        "companyName": "Cactus Comidas para llevar",
        "contactName": "Patricio Simpson",
        "contactTitle": "Sales Agent",
        "address": "Cerrito 333",
        "city": "Buenos Aires",
        "postalCode": "1010",
        "country": "Argentina",
        "phone": "(1) 135-5555",
        "fax": "(1) 135-4892"
    },
    {
        "id": "CENTC",
        "companyName": "Centro comercial Moctezuma",
        "contactName": "Francisco Chang",
        "contactTitle": "Marketing Manager",
        "address": "Sierras de Granada 9993",
        "city": "México D.F.",
        "postalCode": "05022",
        "country": "Mexico",
        "phone": "(5) 555-3392",
        "fax": "(5) 555-7293"
    },
    {
        "id": "CHOPS",
        "companyName": "Chop-suey Chinese",
        "contactName": "Yang Wang",
        "contactTitle": "Owner",
        "address": "Hauptstr. 29",
        "city": "Bern",
        "postalCode": "3012",
        "country": "Switzerland",
        "phone": "0452-076545"
    },
    {
        "id": "COMMI",
        "companyName": "Comércio Mineiro",
        "contactName": "Pedro Afonso",
        "contactTitle": "Sales Associate",
        "address": "Av. dos Lusíadas, 23",
        "city": "Sao Paulo",
        "region": "SP",
        "postalCode": "05432-043",
        "country": "Brazil",
        "phone": "(11) 555-7647"
    },
    {
        "id": "CONSH",
        "companyName": "Consolidated Holdings",
        "contactName": "Elizabeth Brown",
        "contactTitle": "Sales Representative",
        "address": "Berkeley Gardens 12  Brewery",
        "city": "London",
        "postalCode": "WX1 6LT",
        "country": "UK",
        "phone": "(171) 555-2282",
        "fax": "(171) 555-9199"
    },
    {
        "id": "DRACD",
        "companyName": "Drachenblut Delikatessen",
        "contactName": "Sven Ottlieb",
        "contactTitle": "Order Administrator",
        "address": "Walserweg 21",
        "city": "Aachen",
        "postalCode": "52066",
        "country": "Germany",
        "phone": "0241-039123",
        "fax": "0241-059428"
    },
    {
        "id": "DUMON",
        "companyName": "Du monde entier",
        "contactName": "Janine Labrune",
        "contactTitle": "Owner",
        "address": "67, rue des Cinquante Otages",
        "city": "Nantes",
        "postalCode": "44000",
        "country": "France",
        "phone": "40.67.88.88",
        "fax": "40.67.89.89"
    },
    {
        "id": "EASTC",
        "companyName": "Eastern Connection",
        "contactName": "Ann Devon",
        "contactTitle": "Sales Agent",
        "address": "35 King George",
        "city": "London",
        "postalCode": "WX3 6FW",
        "country": "UK",
        "phone": "(171) 555-0297",
        "fax": "(171) 555-3373"
    },
    {
        "id": "ERNSH",
        "companyName": "Ernst Handel",
        "contactName": "Roland Mendel",
        "contactTitle": "Sales Manager",
        "address": "Kirchgasse 6",
        "city": "Graz",
        "postalCode": "8010",
        "country": "Austria",
        "phone": "7675-3425",
        "fax": "7675-3426"
    },
    {
        "id": "FAMIA",
        "companyName": "Familia Arquibaldo",
        "contactName": "Aria Cruz",
        "contactTitle": "Marketing Assistant",
        "address": "Rua Orós, 92",
        "city": "Sao Paulo",
        "region": "SP",
        "postalCode": "05442-030",
        "country": "Brazil",
        "phone": "(11) 555-9857"
    },
    {
        "id": "FISSA",
        "companyName": "FISSA Fabrica Inter. Salchichas S.A.",
        "contactName": "Diego Roel",
        "contactTitle": "Accounting Manager",
        "address": "C/ Moralzarzal, 86",
        "city": "Madrid",
        "postalCode": "28034",
        "country": "Spain",
        "phone": "(91) 555 94 44",
        "fax": "(91) 555 55 93"
    },
    {
        "id": "FOLIG",
        "companyName": "Folies gourmandes",
        "contactName": "Martine Rancé",
        "contactTitle": "Assistant Sales Agent",
        "address": "184, chaussée de Tournai",
        "city": "Lille",
        "postalCode": "59000",
        "country": "France",
        "phone": "20.16.10.16",
        "fax": "20.16.10.17"
    },
    {
        "id": "FOLKO",
        "companyName": "Folk och fä HB",
        "contactName": "Maria Larsson",
        "contactTitle": "Owner",
        "address": "Åkergatan 24",
        "city": "Bräcke",
        "postalCode": "S-844 67",
        "country": "Sweden",
        "phone": "0695-34 67 21"
    },
    {
        "id": "FRANK",
        "companyName": "Frankenversand",
        "contactName": "Peter Franken",
        "contactTitle": "Marketing Manager",
        "address": "Berliner Platz 43",
        "city": "München",
        "postalCode": "80805",
        "country": "Germany",
        "phone": "089-0877310",
        "fax": "089-0877451"
    },
    {
        "id": "FRANR",
        "companyName": "France restauration",
        "contactName": "Carine Schmitt",
        "contactTitle": "Marketing Manager",
        "address": "54, rue Royale",
        "city": "Nantes",
        "postalCode": "44000",
        "country": "France",
        "phone": "40.32.21.21",
        "fax": "40.32.21.20"
    },
    {
        "id": "FRANS",
        "companyName": "Franchi S.p.A.",
        "contactName": "Paolo Accorti",
        "contactTitle": "Sales Representative",
        "address": "Via Monte Bianco 34",
        "city": "Torino",
        "postalCode": "10100",
        "country": "Italy",
        "phone": "011-4988260",
        "fax": "011-4988261"
    },
    {
        "id": "FURIB",
        "companyName": "Furia Bacalhau e Frutos do Mar",
        "contactName": "Lino Rodriguez",
        "contactTitle": "Sales Manager",
        "address": "Jardim das rosas n. 32",
        "city": "Lisboa",
        "postalCode": "1675",
        "country": "Portugal",
        "phone": "(1) 354-2534",
        "fax": "(1) 354-2535"
    },
    {
        "id": "GALED",
        "companyName": "Galería del gastrónomo",
        "contactName": "Eduardo Saavedra",
        "contactTitle": "Marketing Manager",
        "address": "Rambla de Cataluña, 23",
        "city": "Barcelona",
        "postalCode": "08022",
        "country": "Spain",
        "phone": "(93) 203 4560",
        "fax": "(93) 203 4561"
    },
    {
        "id": "GODOS",
        "companyName": "Godos Cocina Típica",
        "contactName": "José Pedro Freyre",
        "contactTitle": "Sales Manager",
        "address": "C/ Romero, 33",
        "city": "Sevilla",
        "postalCode": "41101",
        "country": "Spain",
        "phone": "(95) 555 82 82"
    },
    {
        "id": "GOURL",
        "companyName": "Gourmet Lanchonetes",
        "contactName": "André Fonseca",
        "contactTitle": "Sales Associate",
        "address": "Av. Brasil, 442",
        "city": "Campinas",
        "region": "SP",
        "postalCode": "04876-786",
        "country": "Brazil",
        "phone": "(11) 555-9482"
    },
    {
        "id": "GREAL",
        "companyName": "Great Lakes Food Market",
        "contactName": "Howard Snyder",
        "contactTitle": "Marketing Manager",
        "address": "2732 Baker Blvd.",
        "city": "Eugene",
        "region": "OR",
        "postalCode": "97403",
        "country": "USA",
        "phone": "(503) 555-7555"
    },
    {
        "id": "GROSR",
        "companyName": "GROSELLA-Restaurante",
        "contactName": "Manuel Pereira",
        "contactTitle": "Owner",
        "address": "5ª Ave. Los Palos Grandes",
        "city": "Caracas",
        "region": "DF",
        "postalCode": "1081",
        "country": "Venezuela",
        "phone": "(2) 283-2951",
        "fax": "(2) 283-3397"
    },
    {
        "id": "HANAR",
        "companyName": "Hanari Carnes",
        "contactName": "Mario Pontes",
        "contactTitle": "Accounting Manager",
        "address": "Rua do Paço, 67",
        "city": "Rio de Janeiro",
        "region": "RJ",
        "postalCode": "05454-876",
        "country": "Brazil",
        "phone": "(21) 555-0091",
        "fax": "(21) 555-8765"
    },
    {
        "id": "HILAA",
        "companyName": "HILARION-Abastos",
        "contactName": "Carlos Hernández",
        "contactTitle": "Sales Representative",
        "address": "Carrera 22 con Ave. Carlos Soublette #8-35",
        "city": "San Cristóbal",
        "region": "Táchira",
        "postalCode": "5022",
        "country": "Venezuela",
        "phone": "(5) 555-1340",
        "fax": "(5) 555-1948"
    },
    {
        "id": "HUNGC",
        "companyName": "Hungry Coyote Import Store",
        "contactName": "Yoshi Latimer",
        "contactTitle": "Sales Representative",
        "address": "City Center Plaza 516 Main St.",
        "city": "Elgin",
        "region": "OR",
        "postalCode": "97827",
        "country": "USA",
        "phone": "(503) 555-6874",
        "fax": "(503) 555-2376"
    },
    {
        "id": "HUNGO",
        "companyName": "Hungry Owl All-Night Grocers",
        "contactName": "Patricia McKenna",
        "contactTitle": "Sales Associate",
        "address": "8 Johnstown Road",
        "city": "Cork",
        "region": "Co. Cork",
        "country": "Ireland",
        "phone": "2967 542",
        "fax": "2967 3333"
    },
    {
        "id": "ISLAT",
        "companyName": "Island Trading",
        "contactName": "Helen Bennett",
        "contactTitle": "Marketing Manager",
        "address": "Garden House Crowther Way",
        "city": "Cowes",
        "region": "Isle of Wight",
        "postalCode": "PO31 7PJ",
        "country": "UK",
        "phone": "(198) 555-8888"
    },
    {
        "id": "KOENE",
        "companyName": "Königlich Essen",
        "contactName": "Philip Cramer",
        "contactTitle": "Sales Associate",
        "address": "Maubelstr. 90",
        "city": "Brandenburg",
        "postalCode": "14776",
        "country": "Germany",
        "phone": "0555-09876"
    },
    {
        "id": "LACOR",
        "companyName": "La corne d'abondance",
        "contactName": "Daniel Tonini",
        "contactTitle": "Sales Representative",
        "address": "67, avenue de l'Europe",
        "city": "Versailles",
        "postalCode": "78000",
        "country": "France",
        "phone": "30.59.84.10",
        "fax": "30.59.85.11"
    },
    {
        "id": "LAMAI",
        "companyName": "La maison d'Asie",
        "contactName": "Annette Roulet",
        "contactTitle": "Sales Manager",
        "address": "1 rue Alsace-Lorraine",
        "city": "Toulouse",
        "postalCode": "31000",
        "country": "France",
        "phone": "61.77.61.10",
        "fax": "61.77.61.11"
    },
    {
        "id": "LAUGB",
        "companyName": "Laughing Bacchus Wine Cellars",
        "contactName": "Yoshi Tannamuri",
        "contactTitle": "Marketing Assistant",
        "address": "1900 Oak St.",
        "city": "Vancouver",
        "region": "BC",
        "postalCode": "V3F 2K1",
        "country": "Canada",
        "phone": "(604) 555-3392",
        "fax": "(604) 555-7293"
    },
    {
        "id": "LAZYK",
        "companyName": "Lazy K Kountry Store",
        "contactName": "John Steel",
        "contactTitle": "Marketing Manager",
        "address": "12 Orchestra Terrace",
        "city": "Walla Walla",
        "region": "WA",
        "postalCode": "99362",
        "country": "USA",
        "phone": "(509) 555-7969",
        "fax": "(509) 555-6221"
    },
    {
        "id": "LEHMS",
        "companyName": "Lehmanns Marktstand",
        "contactName": "Renate Messner",
        "contactTitle": "Sales Representative",
        "address": "Magazinweg 7",
        "city": "Frankfurt a.M.",
        "postalCode": "60528",
        "country": "Germany",
        "phone": "069-0245984",
        "fax": "069-0245874"
    },
    {
        "id": "LETSS",
        "companyName": "Let's Stop N Shop",
        "contactName": "Jaime Yorres",
        "contactTitle": "Owner",
        "address": "87 Polk St. Suite 5",
        "city": "San Francisco",
        "region": "CA",
        "postalCode": "94117",
        "country": "USA",
        "phone": "(415) 555-5938"
    },
    {
        "id": "LILAS",
        "companyName": "LILA-Supermercado",
        "contactName": "Carlos González",
        "contactTitle": "Accounting Manager",
        "address": "Carrera 52 con Ave. Bolívar #65-98 Llano Largo",
        "city": "Barquisimeto",
        "region": "Lara",
        "postalCode": "3508",
        "country": "Venezuela",
        "phone": "(9) 331-6954",
        "fax": "(9) 331-7256"
    },
    {
        "id": "LINOD",
        "companyName": "LINO-Delicateses",
        "contactName": "Felipe Izquierdo",
        "contactTitle": "Owner",
        "address": "Ave. 5 de Mayo Porlamar",
        "city": "I. de Margarita",
        "region": "Nueva Esparta",
        "postalCode": "4980",
        "country": "Venezuela",
        "phone": "(8) 34-56-12",
        "fax": "(8) 34-93-93"
    },
    {
        "id": "LONEP",
        "companyName": "Lonesome Pine Restaurant",
        "contactName": "Fran Wilson",
        "contactTitle": "Sales Manager",
        "address": "89 Chiaroscuro Rd.",
        "city": "Portland",
        "region": "OR",
        "postalCode": "97219",
        "country": "USA",
        "phone": "(503) 555-9573",
        "fax": "(503) 555-9646"
    },
    {
        "id": "MAGAA",
        "companyName": "Magazzini Alimentari Riuniti",
        "contactName": "Giovanni Rovelli",
        "contactTitle": "Marketing Manager",
        "address": "Via Ludovico il Moro 22",
        "city": "Bergamo",
        "postalCode": "24100",
        "country": "Italy",
        "phone": "035-640230",
        "fax": "035-640231"
    },
    {
        "id": "MAISD",
        "companyName": "Maison Dewey",
        "contactName": "Catherine Dewey",
        "contactTitle": "Sales Agent",
        "address": "Rue Joseph-Bens 532",
        "city": "Bruxelles",
        "postalCode": "B-1180",
        "country": "Belgium",
        "phone": "(02) 201 24 67",
        "fax": "(02) 201 24 68"
    },
    {
        "id": "MEREP",
        "companyName": "Mère Paillarde",
        "contactName": "Jean Fresnière",
        "contactTitle": "Marketing Assistant",
        "address": "43 rue St. Laurent",
        "city": "Montréal",
        "region": "Québec",
        "postalCode": "H1J 1C3",
        "country": "Canada",
        "phone": "(514) 555-8054",
        "fax": "(514) 555-8055"
    },
    {
        "id": "MORGK",
        "companyName": "Morgenstern Gesundkost",
        "contactName": "Alexander Feuer",
        "contactTitle": "Marketing Assistant",
        "address": "Heerstr. 22",
        "city": "Leipzig",
        "postalCode": "04179",
        "country": "Germany",
        "phone": "0342-023176"
    },
    {
        "id": "NORTS",
        "companyName": "North/South",
        "contactName": "Simon Crowther",
        "contactTitle": "Sales Associate",
        "address": "South House 300 Queensbridge",
        "city": "London",
        "postalCode": "SW7 1RZ",
        "country": "UK",
        "phone": "(171) 555-7733",
        "fax": "(171) 555-2530"
    },
    {
        "id": "OCEAN",
        "companyName": "Océano Atlántico Ltda.",
        "contactName": "Yvonne Moncada",
        "contactTitle": "Sales Agent",
        "address": "Ing. Gustavo Moncada 8585 Piso 20-A",
        "city": "Buenos Aires",
        "postalCode": "1010",
        "country": "Argentina",
        "phone": "(1) 135-5333",
        "fax": "(1) 135-5535"
    },
    {
        "id": "OLDWO",
        "companyName": "Old World Delicatessen",
        "contactName": "Rene Phillips",
        "contactTitle": "Sales Representative",
        "address": "2743 Bering St.",
        "city": "Anchorage",
        "region": "AK",
        "postalCode": "99508",
        "country": "USA",
        "phone": "(907) 555-7584",
        "fax": "(907) 555-2880"
    },
    {
        "id": "OTTIK",
        "companyName": "Ottilies Käseladen",
        "contactName": "Henriette Pfalzheim",
        "contactTitle": "Owner",
        "address": "Mehrheimerstr. 369",
        "city": "Köln",
        "postalCode": "50739",
        "country": "Germany",
        "phone": "0221-0644327",
        "fax": "0221-0765721"
    },
    {
        "id": "PARIS",
        "companyName": "Paris spécialités",
        "contactName": "Marie Bertrand",
        "contactTitle": "Owner",
        "address": "265, boulevard Charonne",
        "city": "Paris",
        "postalCode": "75012",
        "country": "France",
        "phone": "(1) 42.34.22.66",
        "fax": "(1) 42.34.22.77"
    },
    {
        "id": "PERIC",
        "companyName": "Pericles Comidas clásicas",
        "contactName": "Guillermo Fernández",
        "contactTitle": "Sales Representative",
        "address": "Calle Dr. Jorge Cash 321",
        "city": "México D.F.",
        "postalCode": "05033",
        "country": "Mexico",
        "phone": "(5) 552-3745",
        "fax": "(5) 545-3745"
    },
    {
        "id": "PICCO",
        "companyName": "Piccolo und mehr",
        "contactName": "Georg Pipps",
        "contactTitle": "Sales Manager",
        "address": "Geislweg 14",
        "city": "Salzburg",
        "postalCode": "5020",
        "country": "Austria",
        "phone": "6562-9722",
        "fax": "6562-9723"
    },
    {
        "id": "PRINI",
        "companyName": "Princesa Isabel Vinhos",
        "contactName": "Isabel de Castro",
        "contactTitle": "Sales Representative",
        "address": "Estrada da saúde n. 58",
        "city": "Lisboa",
        "postalCode": "1756",
        "country": "Portugal",
        "phone": "(1) 356-5634"
    },
    {
        "id": "QUEDE",
        "companyName": "Que Delícia",
        "contactName": "Bernardo Batista",
        "contactTitle": "Accounting Manager",
        "address": "Rua da Panificadora, 12",
        "city": "Rio de Janeiro",
        "region": "RJ",
        "postalCode": "02389-673",
        "country": "Brazil",
        "phone": "(21) 555-4252",
        "fax": "(21) 555-4545"
    },
    {
        "id": "QUEEN",
        "companyName": "Queen Cozinha",
        "contactName": "Lúcia Carvalho",
        "contactTitle": "Marketing Assistant",
        "address": "Alameda dos Canàrios, 891",
        "city": "Sao Paulo",
        "region": "SP",
        "postalCode": "05487-020",
        "country": "Brazil",
        "phone": "(11) 555-1189"
    },
    {
        "id": "QUICK",
        "companyName": "QUICK-Stop",
        "contactName": "Horst Kloss",
        "contactTitle": "Accounting Manager",
        "address": "Taucherstraße 10",
        "city": "Cunewalde",
        "postalCode": "01307",
        "country": "Germany",
        "phone": "0372-035188"
    },
    {
        "id": "RANCH",
        "companyName": "Rancho grande",
        "contactName": "Sergio Gutiérrez",
        "contactTitle": "Sales Representative",
        "address": "Av. del Libertador 900",
        "city": "Buenos Aires",
        "postalCode": "1010",
        "country": "Argentina",
        "phone": "(1) 123-5555",
        "fax": "(1) 123-5556"
    },
    {
        "id": "RATTC",
        "companyName": "Rattlesnake Canyon Grocery",
        "contactName": "Paula Wilson",
        "contactTitle": "Assistant Sales Representative",
        "address": "2817 Milton Dr.",
        "city": "Albuquerque",
        "region": "NM",
        "postalCode": "87110",
        "country": "USA",
        "phone": "(505) 555-5939",
        "fax": "(505) 555-3620"
    },
    {
        "id": "REGGC",
        "companyName": "Reggiani Caseifici",
        "contactName": "Maurizio Moroni",
        "contactTitle": "Sales Associate",
        "address": "Strada Provinciale 124",
        "city": "Reggio Emilia",
        "postalCode": "42100",
        "country": "Italy",
        "phone": "0522-556721",
        "fax": "0522-556722"
    },
    {
        "id": "RICAR",
        "companyName": "Ricardo Adocicados",
        "contactName": "Janete Limeira",
        "contactTitle": "Assistant Sales Agent",
        "address": "Av. Copacabana, 267",
        "city": "Rio de Janeiro",
        "region": "RJ",
        "postalCode": "02389-890",
        "country": "Brazil",
        "phone": "(21) 555-3412"
    },
    {
        "id": "RICSU",
        "companyName": "Richter Supermarkt",
        "contactName": "Michael Holz",
        "contactTitle": "Sales Manager",
        "address": "Grenzacherweg 237",
        "city": "Genève",
        "postalCode": "1203",
        "country": "Switzerland",
        "phone": "0897-034214"
    },
    {
        "id": "ROMEY",
        "companyName": "Romero y tomillo",
        "contactName": "Alejandra Camino",
        "contactTitle": "Accounting Manager",
        "address": "Gran Vía, 1",
        "city": "Madrid",
        "postalCode": "28001",
        "country": "Spain",
        "phone": "(91) 745 6200",
        "fax": "(91) 745 6210"
    },
    {
        "id": "SANTG",
        "companyName": "Santé Gourmet",
        "contactName": "Jonas Bergulfsen",
        "contactTitle": "Owner",
        "address": "Erling Skakkes gate 78",
        "city": "Stavern",
        "postalCode": "4110",
        "country": "Norway",
        "phone": "07-98 92 35",
        "fax": "07-98 92 47"
    },
    {
        "id": "SAVEA",
        "companyName": "Save-a-lot Markets",
        "contactName": "Jose Pavarotti",
        "contactTitle": "Sales Representative",
        "address": "187 Suffolk Ln.",
        "city": "Boise",
        "region": "ID",
        "postalCode": "83720",
        "country": "USA",
        "phone": "(208) 555-8097"
    },
    {
        "id": "SEVES",
        "companyName": "Seven Seas Imports",
        "contactName": "Hari Kumar",
        "contactTitle": "Sales Manager",
        "address": "90 Wadhurst Rd.",
        "city": "London",
        "postalCode": "OX15 4NB",
        "country": "UK",
        "phone": "(171) 555-1717",
        "fax": "(171) 555-5646"
    },
    {
        "id": "SIMOB",
        "companyName": "Simons bistro",
        "contactName": "Jytte Petersen",
        "contactTitle": "Owner",
        "address": "Vinbæltet 34",
        "city": "Kobenhavn",
        "postalCode": "1734",
        "country": "Denmark",
        "phone": "31 12 34 56",
        "fax": "31 13 35 57"
    },
    {
        "id": "SPECD",
        "companyName": "Spécialités du monde",
        "contactName": "Dominique Perrier",
        "contactTitle": "Marketing Manager",
        "address": "25, rue Lauriston",
        "city": "Paris",
        "postalCode": "75016",
        "country": "France",
        "phone": "(1) 47.55.60.10",
        "fax": "(1) 47.55.60.20"
    },
    {
        "id": "SPLIR",
        "companyName": "Split Rail Beer & Ale",
        "contactName": "Art Braunschweiger",
        "contactTitle": "Sales Manager",
        "address": "P.O. Box 555",
        "city": "Lander",
        "region": "WY",
        "postalCode": "82520",
        "country": "USA",
        "phone": "(307) 555-4680",
        "fax": "(307) 555-6525"
    },
    {
        "id": "SUPRD",
        "companyName": "Suprêmes délices",
        "contactName": "Pascale Cartrain",
        "contactTitle": "Accounting Manager",
        "address": "Boulevard Tirou, 255",
        "city": "Charleroi",
        "postalCode": "B-6000",
        "country": "Belgium",
        "phone": "(071) 23 67 22 20",
        "fax": "(071) 23 67 22 21"
    },
    {
        "id": "THEBI",
        "companyName": "The Big Cheese",
        "contactName": "Liz Nixon",
        "contactTitle": "Marketing Manager",
        "address": "89 Jefferson Way Suite 2",
        "city": "Portland",
        "region": "OR",
        "postalCode": "97201",
        "country": "USA",
        "phone": "(503) 555-3612"
    },
    {
        "id": "THECR",
        "companyName": "The Cracker Box",
        "contactName": "Liu Wong",
        "contactTitle": "Marketing Assistant",
        "address": "55 Grizzly Peak Rd.",
        "city": "Butte",
        "region": "MT",
        "postalCode": "59801",
        "country": "USA",
        "phone": "(406) 555-5834",
        "fax": "(406) 555-8083"
    },
    {
        "id": "TOMSP",
        "companyName": "Toms Spezialitäten",
        "contactName": "Karin Josephs",
        "contactTitle": "Marketing Manager",
        "address": "Luisenstr. 48",
        "city": "Münster",
        "postalCode": "44087",
        "country": "Germany",
        "phone": "0251-031259",
        "fax": "0251-035695"
    },
    {
        "id": "TORTU",
        "companyName": "Tortuga Restaurante",
        "contactName": "Miguel Angel Paolino",
        "contactTitle": "Owner",
        "address": "Avda. Azteca 123",
        "city": "México D.F.",
        "postalCode": "05033",
        "country": "Mexico",
        "phone": "(5) 555-2933"
    },
    {
        "id": "TRADH",
        "companyName": "Tradição Hipermercados",
        "contactName": "Anabela Domingues",
        "contactTitle": "Sales Representative",
        "address": "Av. Inês de Castro, 414",
        "city": "Sao Paulo",
        "region": "SP",
        "postalCode": "05634-030",
        "country": "Brazil",
        "phone": "(11) 555-2167",
        "fax": "(11) 555-2168"
    },
    {
        "id": "TRAIH",
        "companyName": "Trail's Head Gourmet Provisioners",
        "contactName": "Helvetius Nagy",
        "contactTitle": "Sales Associate",
        "address": "722 DaVinci Blvd.",
        "city": "Kirkland",
        "region": "WA",
        "postalCode": "98034",
        "country": "USA",
        "phone": "(206) 555-8257",
        "fax": "(206) 555-2174"
    },
    {
        "id": "VAFFE",
        "companyName": "Vaffeljernet",
        "contactName": "Palle Ibsen",
        "contactTitle": "Sales Manager",
        "address": "Smagsloget 45",
        "city": "Århus",
        "postalCode": "8200",
        "country": "Denmark",
        "phone": "86 21 32 43",
        "fax": "86 22 33 44"
    },
    {
        "id": "VICTE",
        "companyName": "Victuailles en stock",
        "contactName": "Mary Saveley",
        "contactTitle": "Sales Agent",
        "address": "2, rue du Commerce",
        "city": "Lyon",
        "postalCode": "69004",
        "country": "France",
        "phone": "78.32.54.86",
        "fax": "78.32.54.87"
    },
    {
        "id": "VINET",
        "companyName": "Vins et alcools Chevalier",
        "contactName": "Paul Henriot",
        "contactTitle": "Accounting Manager",
        "address": "59 rue de l'Abbaye",
        "city": "Reims",
        "postalCode": "51100",
        "country": "France",
        "phone": "26.47.15.10",
        "fax": "26.47.15.11"
    },
    {
        "id": "WANDK",
        "companyName": "Die Wandernde Kuh",
        "contactName": "Rita Müller",
        "contactTitle": "Sales Representative",
        "address": "Adenauerallee 900",
        "city": "Stuttgart",
        "postalCode": "70563",
        "country": "Germany",
        "phone": "0711-020361",
        "fax": "0711-035428"
    },
    {
        "id": "WARTH",
        "companyName": "Wartian Herkku",
        "contactName": "Pirkko Koskitalo",
        "contactTitle": "Accounting Manager",
        "address": "Torikatu 38",
        "city": "Oulu",
        "postalCode": "90110",
        "country": "Finland",
        "phone": "981-443655",
        "fax": "981-443655"
    },
    {
        "id": "WELLI",
        "companyName": "Wellington Importadora",
        "contactName": "Paula Parente",
        "contactTitle": "Sales Manager",
        "address": "Rua do Mercado, 12",
        "city": "Resende",
        "region": "SP",
        "postalCode": "08737-363",
        "country": "Brazil",
        "phone": "(14) 555-8122"
    },
    {
        "id": "WHITC",
        "companyName": "White Clover Markets",
        "contactName": "Karl Jablonski",
        "contactTitle": "Owner",
        "address": "305 - 14th Ave. S. Suite 3B",
        "city": "Seattle",
        "region": "WA",
        "postalCode": "98128",
        "country": "USA",
        "phone": "(206) 555-4112",
        "fax": "(206) 555-4115"
    },
    {
        "id": "WILMK",
        "companyName": "Wilman Kala",
        "contactName": "Matti Karttunen",
        "contactTitle": "Owner/Marketing Assistant",
        "address": "Keskuskatu 45",
        "city": "Helsinki",
        "postalCode": "21240",
        "country": "Finland",
        "phone": "90-224 8858",
        "fax": "90-224 8858"
    },
    {
        "id": "WOLZA",
        "companyName": "Wolski  Zajazd",
        "contactName": "Zbyszek Piestrzeniewicz",
        "contactTitle": "Owner",
        "address": "ul. Filtrowa 68",
        "city": "Warszawa",
        "postalCode": "01-012",
        "country": "Poland",
        "phone": "(26) 642-7012",
        "fax": "(26) 642-7012"
    }
]